<publishData><publishProfile profileName="CMST385-mstjeor - Web Deploy" publishMethod="MSDeploy" publishUrl="cmst385-mstjeor.scm.azurewebsites.net:443" msdeploySite="CMST385-mstjeor" userName="$CMST385-mstjeor" userPWD="EvGKQSMDunwZcfWWSPrp0b95pLsoiTgC3Fouvv5Rf25pFbr5uPGr0wsJW26i" destinationAppUrl="http://cmst385-mstjeor.azurewebsites.net" SQLServerDBConnectionString="" mySQLDBConnectionString="" hostingProviderForumLink="" controlPanelLink="http://windows.azure.com" webSystem="WebSites"><databases /></publishProfile><publishProfile profileName="CMST385-mstjeor - FTP" publishMethod="FTP" publishUrl="ftp://waws-prod-blu-199.ftp.azurewebsites.windows.net/site/wwwroot" ftpPassiveMode="True" userName="CMST385-mstjeor\$CMST385-mstjeor" userPWD="EvGKQSMDunwZcfWWSPrp0b95pLsoiTgC3Fouvv5Rf25pFbr5uPGr0wsJW26i" destinationAppUrl="http://cmst385-mstjeor.azurewebsites.net" SQLServerDBConnectionString="" mySQLDBConnectionString="" hostingProviderForumLink="" controlPanelLink="http://windows.azure.com" webSystem="WebSites"><databases /></publishProfile><publishProfile profileName="CMST385-mstjeor - Zip Deploy" publishMethod="ZipDeploy" publishUrl="cmst385-mstjeor.scm.azurewebsites.net:443" userName="$CMST385-mstjeor" userPWD="EvGKQSMDunwZcfWWSPrp0b95pLsoiTgC3Fouvv5Rf25pFbr5uPGr0wsJW26i" destinationAppUrl="http://cmst385-mstjeor.azurewebsites.net" SQLServerDBConnectionString="" mySQLDBConnectionString="" hostingProviderForumLink="" controlPanelLink="http://windows.azure.com" webSystem="WebSites"><databases /></publishProfile></publishData>